{
    "videojuegos": [
        {
            "titulo": "Super Mario Odyssey",
            "plataforma": [
                "Nintendo Switch"
            ],
            "genero": [
                "Plataforma",
                "Aventura"
            ],
            "desarrollador": "Nintendo EPD",
            "precio":5,
            "lanzamiento": "27 de octubre de 2017",
            "descripcion": "Super Mario Odyssey es un videojuego de plataformas en 3D desarrollado y publicado por Nintendo para la consola Nintendo Switch. Es la decimonovena entrega de la serie Super Mario y el sexto juego de plataformas en 3D de la serie principal.",
            "imagen": "https://cdn.mobygames.com/covers/18160977-super-mario-odyssey-nintendo-switch-front-cover.jpg"
        },
        {
            "titulo": "The Legend of Zelda: Breath of the Wild",
            "plataforma": [
                "Nintendo Switch",
                "Wii U"
            ],
            "genero": [
                "Acción-aventura"
            ],
            "desarrollador": "Nintendo EPD",
            "precio":6,
            "lanzamiento": "3 de marzo de 2017",
            "descripcion": "The Legend of Zelda: Breath of the Wild es un videojuego de acción-aventura desarrollado y publicado por Nintendo para las consolas Nintendo Switch y Wii U. Es el decimonoveno título principal de la serie The Legend of Zelda.",
            "imagen": "https://cdn.mobygames.com/covers/8437180-the-legend-of-zelda-breath-of-the-wild-nintendo-switch-front-cov.jpg"
        },
        {
            "titulo": "Red Dead Redemption 2",
            "plataforma": [
                "PlayStation 4",
                "Xbox One",
                "PC"
            ],
            "genero": [
                "Acción-aventura",
                "Mundo abierto"
            ],
            "desarrollador": "Rockstar Studios",
            "precio":7,
            "lanzamiento": "26 de octubre de 2018 (PS4, Xbox One), 5 de noviembre de 2019 (PC)",
            "descripcion": "Red Dead Redemption 2 es un videojuego de acción-aventura y mundo abierto desarrollado y publicado por Rockstar Games. Es la secuela del Red Dead Redemption original y es la tercera entrada de la serie Red Dead.",
            "imagen": "https://cdn.mobygames.com/covers/8361038-red-dead-redemption-ii-windows-front-cover.jpg"
        },
        {
            "titulo": "The Witcher 3: Wild Hunt",
            "plataforma": [
                "PlayStation 4",
                "Xbox One",
                "PC",
                "Nintendo Switch"
            ],
            "genero": [
                "RPG",
                "Mundo abierto"
            ],
            "desarrollador": "CD Projekt Red",
            "precio":6,
            "lanzamiento": "19 de mayo de 2015",
            "descripcion": "The Witcher 3: Wild Hunt es un videojuego de rol de acción desarrollado por CD Projekt Red. Basado en la serie de novelas de fantasía polaca The Witcher, el juego es la continuación de The Witcher 2: Assassins of Kings.",
            "imagen": "https://cdn.mobygames.com/covers/17397141-the-witcher-3-wild-hunt-windows-front-cover.jpg"
        },
        {
            "titulo": "Grand Theft Auto V",
            "plataforma": [
                "PlayStation 4",
                "Xbox One",
                "PC",
                "PlayStation 3",
                "Xbox 360"
            ],
            "genero": [
                "Acción-aventura",
                "Mundo abierto"
            ],
            "desarrollador": "Rockstar North",
            "precio":5,
            "lanzamiento": "17 de septiembre de 2013 (PS3, Xbox 360), 18 de noviembre de 2014 (PS4, Xbox One), 14 de abril de 2015 (PC)",
            "descripcion": "Grand Theft Auto V es un videojuego de acción-aventura y mundo abierto desarrollado por Rockstar North y publicado por Rockstar Games. Es el primer título de la serie Grand Theft Auto lanzado en la séptima generación de consolas de videojuegos.",
            "imagen": "https://cdn.mobygames.com/covers/6090098-grand-theft-auto-v-playstation-3-front-cover.jpg"
        },
        {
            "titulo": "Minecraft",
            "plataforma": [
                "Multiplataforma"
            ],
            "genero": [
                "Sandbox",
                "Aventura"
            ],
            "desarrollador": "Mojang Studios",
            "precio":4,
            "lanzamiento": "18 de noviembre de 2011",
            "descripcion": "Minecraft es un videojuego de construcción, de tipo «mundo abierto» o sandbox creado originalmente por el sueco Markus Persson (conocido comúnmente como Notch), y posteriormente desarrollado por su empresa, Mojang Studios, de la que ahora forma parte.",
            "imagen": "https://cdn.mobygames.com/covers/3742995-minecraft-nintendo-switch-front-cover.jpg"
        },
        {
            "titulo": "The Elder Scrolls V: Skyrim",
            "plataforma": [
                "PlayStation 4",
                "Xbox One",
                "PC",
                "Nintendo Switch",
                "PlayStation 3",
                "Xbox 360"
            ],
            "genero": [
                "RPG",
                "Mundo abierto"
            ],
            "desarrollador": "Bethesda Game Studios",
            "precio":5,
            "lanzamiento": "11 de noviembre de 2011",
            "descripcion": "The Elder Scrolls V: Skyrim es un videojuego de rol de acción desarrollado por Bethesda Game Studios y publicado por Bethesda Softworks. Es la quinta entrega de la serie The Elder Scrolls, que sigue a The Elder Scrolls IV: Oblivion.",
            "imagen": "https://cdn.mobygames.com/covers/6356219-the-elder-scrolls-v-skyrim-xbox-360-front-cover.jpg"
        },
        {
            "titulo": "Fortnite",
            "plataforma": [
                "Multiplataforma"
            ],
            "genero": [
                "Battle Royale"
            ],
            "desarrollador": "Epic Games",
            "precio":0,
            "lanzamiento": "25 de julio de 2017",
            "descripcion": "Fortnite es un videojuego del año 2017 desarrollado por la empresa Epic Games, lanzado como diferentes paquetes de software que presentan diferentes modos de juego, pero que comparten el mismo motor de juego y mecánicas.",
            "imagen": "https://cdn.mobygames.com/covers/3293443-fortnite-xbox-one-front-cover.png"
        },
        {
            "titulo": "Call of Duty: Warzone",
            "plataforma": [
                "PlayStation 4",
                "Xbox One",
                "PC"
            ],
            "genero": [
                "Battle Royale"
            ],
            "desarrollador": "Infinity Ward",
            "precio":0,
            "lanzamiento": "10 de marzo de 2020",
            "descripcion": "Call of Duty: Warzone es un videojuego de disparos en primera persona y battle royale gratuito desarrollado por Infinity Ward y Raven Software y publicado por Activision. Forma parte de la entrega de Call of Duty: Modern Warfare (2019) y se lanzó el 10 de marzo de 2020.",
            "imagen": "https://cdn.mobygames.com/covers/3227605-call-of-duty-warzone-xbox-one-front-cover.jpg"
        },
        {
            "titulo": "FIFA 22",
            "plataforma": [
                "PlayStation 5",
                "Xbox Series X/S",
                "PlayStation 4",
                "Xbox One",
                "PC",
                "Nintendo Switch"
            ],
            "genero": [
                "Deportes"
            ],
            "desarrollador": "EA Vancouver",
            "precio":22,
            "lanzamiento": "1 de octubre de 2021",
            "descripcion": "FIFA 22 es un videojuego de simulación de fútbol desarrollado y publicado por Electronic Arts bajo la etiqueta EA Sports. Es la 29ª entrega de la serie FIFA y se lanzó en todo el mundo el 1 de octubre de 2021.",
            "imagen": "https://cdn.mobygames.com/covers/10331546-fifa-22-xbox-one-front-cover.jpg"
        },
        {
            "titulo": "Among Us",
            "plataforma": [
                "Multiplataforma"
            ],
            "genero": [
                "Misterio",
                "Multijugador"
            ],
            "desarrollador": "InnerSloth",
            "precio":0,
            "lanzamiento": "15 de junio de 2018 (iOS, Android), 18 de noviembre de 2020 (PC), 15 de diciembre de 2020 (Nintendo Switch)",
            "descripcion": "Among Us es un videojuego de multijugador en línea desarrollado por el estudio estadounidense InnerSloth. El juego fue lanzado en 2018, pero ganó popularidad en 2020 durante la pandemia de COVID-19.",
            "imagen": "https://cdn.mobygames.com/covers/9710602-among-us-windows-apps-front-cover.png"
        },
        {
            "titulo": "Cyberpunk 2077",
            "plataforma": [
                "PlayStation 4",
                "Xbox One",
                "PC",
                "PlayStation 5",
                "Xbox Series X/S",
                "Google Stadia"
            ],
            "genero": [
                "Acción",
                "Aventura",
                "Mundo abierto",
                "RPG"
            ],
            "desarrollador": "CD Projekt Red",
            "precio":8,
            "lanzamiento": "10 de diciembre de 2020",
            "descripcion": "Cyberpunk 2077 es un videojuego de rol de acción desarrollado y publicado por CD Projekt. El juego transcurre en Night City, una ciudad futurista obsesionada con el poder, el glamour y las modificaciones corporales.",
            "imagen": "https://cdn.mobygames.com/covers/9836948-cyberpunk-2077-windows-other.jpg"
        },
        {
            "titulo": "Animal Crossing: New Horizons",
            "plataforma": [
                "Nintendo Switch"
            ],
            "genero": [
                "Simulación",
                "Vida virtual"
            ],
            "desarrollador": "Nintendo EPD",
            "precio":6,
            "lanzamiento": "20 de marzo de 2020",
            "descripcion": "Animal Crossing: New Horizons es un videojuego de simulación de vida desarrollado y publicado por Nintendo para la consola Nintendo Switch. Es la quinta entrega de la serie Animal Crossing.",
            "imagen": "https://cdn.mobygames.com/covers/8689229-animal-crossing-new-horizons-nintendo-switch-front-cover.jpg"
        },
        {
            "titulo": "Pokémon Sword and Shield",
            "plataforma": [
                "Nintendo Switch"
            ],
            "genero": [
                "RPG",
                "Aventura"
            ],
            "desarrollador": "Game Freak",
            "precio":6,
            "lanzamiento": "15 de noviembre de 2019",
            "descripcion": "Pokémon Sword y Pokémon Shield son videojuegos de rol desarrollados por Game Freak y publicados por Nintendo y The Pokémon Company para la consola Nintendo Switch. Son parte de la octava generación de la serie principal de Pokémon.",
            "imagen": "https://cdn.mobygames.com/covers/8397383-pokemon-sword-nintendo-switch-front-cover.jpg"
        },
        {
            "titulo": "Assassin's Creed Valhalla",
            "plataforma": [
                "PlayStation 4",
                "Xbox One",
                "PC",
                "PlayStation 5",
                "Xbox Series X/S",
                "Google Stadia"
            ],
            "genero": [
                "Acción-aventura",
                "Mundo abierto"
            ],
            "desarrollador": "Ubisoft Montreal",
            "precio":7,
            "lanzamiento": "10 de noviembre de 2020",
            "descripcion": "Assassin's Creed Valhalla es un videojuego de acción-aventura y mundo abierto desarrollado por Ubisoft Montreal y publicado por Ubisoft. Es la duodécima entrega principal de la serie Assassin's Creed.",
            "imagen": "https://cdn.mobygames.com/covers/9222165-assassins-creed-valhalla-playstation-5-manual.jpg"
        },
        {
            "titulo": "Death Stranding",
            "plataforma": [
                "PlayStation 4",
                "PC"
            ],
            "genero": [
                "Acción",
                "Aventura"
            ],
            "desarrollador": "Kojima Productions",
            "precio":6,
            "lanzamiento": "8 de noviembre de 2019 (PS4), 14 de julio de 2020 (PC)",
            "descripcion": "Death Stranding es un videojuego de acción y aventura desarrollado por Kojima Productions y publicado por Sony Interactive Entertainment para PlayStation 4. El juego también fue lanzado para Microsoft Windows en 2020.",
            "imagen": "https://cdn.mobygames.com/covers/2601770-death-stranding-playstation-4-front-cover.jpg"
        },
        {
            "titulo": "The Last of Us Part II",
            "plataforma": [
                "PlayStation 4"
            ],
            "genero": [
                "Acción",
                "Aventura",
                "Survival horror"
            ],
            "desarrollador": "Naughty Dog",
            "precio":7,
            "lanzamiento": "19 de junio de 2020",
            "descripcion": "The Last of Us Part II es un videojuego de acción y aventura desarrollado por Naughty Dog y publicado por Sony Interactive Entertainment para PlayStation 4. Es la secuela de The Last of Us (2013).",
            "imagen": "https://cdn.mobygames.com/covers/9761117-the-last-of-us-part-ii-playstation-4-front-cover.jpg"
        }
    ]
}